{"stats":{"minecraft:used":{"minecraft:blue_terracotta":1,"minecraft:writable_book":11,"minecraft:polished_deepslate":30,"minecraft:bone_block":1,"minecraft:ladder":7,"minecraft:oak_sign":31,"minecraft:axolotl_spawn_egg":1,"minecraft:chest":18,"minecraft:stone":516,"minecraft:zombie_spawn_egg":11,"minecraft:player_head":18,"minecraft:rotten_flesh":4,"minecraft:debug_stick":129,"minecraft:blue_stained_glass":1,"minecraft:carrot":24,"minecraft:stripped_spruce_log":26,"minecraft:milk_bucket":2,"minecraft:polished_deepslate_stairs":42,"minecraft:glass":104,"minecraft:crimson_button":18,"minecraft:lava_bucket":3,"minecraft:bricks":4,"minecraft:villager_spawn_egg":42,"minecraft:red_wool":5,"minecraft:grass_block":145,"minecraft:quartz_block":431,"minecraft:copper_ore":24,"minecraft:netherite_hoe":1,"minecraft:diorite_wall":22,"minecraft:stone_brick_stairs":11,"minecraft:stone_bricks":254,"minecraft:bedrock":6,"minecraft:repeater":148,"minecraft:bow":69,"minecraft:snow":7,"minecraft:written_book":6,"minecraft:scaffolding":7,"minecraft:oak_sapling":3,"minecraft:gold_block":80,"minecraft:skeleton_skull":2,"minecraft:potato":1,"minecraft:zoglin_spawn_egg":3,"minecraft:mossy_stone_bricks":3,"minecraft:diorite":1,"minecraft:elder_guardian_spawn_egg":4,"minecraft:oak_planks":41,"minecraft:polished_diorite_slab":26,"minecraft:ender_pearl":12,"minecraft:redstone_block":775,"minecraft:oak_leaves":19,"minecraft:golden_apple":1,"minecraft:sand":10,"minecraft:loom":1,"minecraft:yellow_concrete":2,"minecraft:crossbow":12,"minecraft:lingering_potion":12,"minecraft:black_concrete_powder":1,"minecraft:shears":15,"minecraft:creeper_spawn_egg":74,"minecraft:redstone_torch":22,"minecraft:black_terracotta":70,"minecraft:lever":60,"minecraft:black_concrete":59,"minecraft:firework_rocket":180,"minecraft:heavy_weighted_pressure_plate":29,"minecraft:barrier":32,"minecraft:stone_button":28,"minecraft:oak_pressure_plate":3,"minecraft:iron_door":8,"minecraft:cat_spawn_egg":1,"minecraft:evoker_spawn_egg":15,"minecraft:diamond_sword":24,"minecraft:wooden_sword":12,"minecraft:stripped_oak_wood":4,"minecraft:deepslate_coal_ore":49,"minecraft:waxed_cut_copper_stairs":15,"minecraft:oak_boat":1,"minecraft:white_concrete":144,"minecraft:bone_meal":24,"minecraft:golden_pickaxe":14,"minecraft:oak_trapdoor":15,"minecraft:trident":68,"minecraft:netherite_sword":78,"minecraft:iron_bars":11,"minecraft:enchanting_table":2,"minecraft:flint_and_steel":34,"minecraft:carved_pumpkin":10,"minecraft:redstone_ore":28,"minecraft:redstone":290,"minecraft:spruce_planks":5,"minecraft:tinted_glass":97,"minecraft:wither_skeleton_spawn_egg":6,"minecraft:stripped_birch_wood":1,"minecraft:torch":19,"minecraft:brewing_stand":1,"minecraft:spyglass":76,"minecraft:dirt":87,"minecraft:anvil":130,"minecraft:target":1,"minecraft:golden_shovel":1,"minecraft:warped_pressure_plate":1,"minecraft:polished_diorite":100,"minecraft:ravager_spawn_egg":10,"minecraft:wooden_axe":164,"minecraft:sea_lantern":51,"minecraft:bookshelf":16,"minecraft:light_weighted_pressure_plate":1,"minecraft:iron_block":369,"minecraft:iron_axe":158,"minecraft:oak_stairs":1,"minecraft:chicken_spawn_egg":1,"minecraft:iron_boots":1,"minecraft:smooth_quartz":126,"minecraft:totem_of_undying":2,"minecraft:tripwire_hook":12,"minecraft:glowstone":81,"minecraft:waxed_cut_copper_slab":3,"minecraft:emerald_block":47,"minecraft:trapped_chest":3,"minecraft:stone_pressure_plate":70,"minecraft:red_dye":2,"minecraft:observer":43,"minecraft:enchanted_golden_apple":14,"minecraft:pointed_dripstone":36,"minecraft:calcite":103,"minecraft:wheat_seeds":1,"minecraft:water_bucket":32,"minecraft:amethyst_block":15,"minecraft:birch_planks":48,"minecraft:polished_andesite":36,"minecraft:netherite_chestplate":1,"minecraft:baked_potato":1,"minecraft:glow_ink_sac":2,"minecraft:vindicator_spawn_egg":87,"minecraft:cracked_stone_bricks":25,"minecraft:mossy_cobblestone":2,"minecraft:diamond_block":9,"minecraft:rabbit_spawn_egg":2,"minecraft:rail":18,"minecraft:vine":1,"minecraft:tnt":24,"minecraft:oak_slab":27,"minecraft:crafting_table":1,"minecraft:birch_sign":32,"minecraft:white_bed":1,"minecraft:light_gray_concrete_powder":2,"minecraft:netherite_block":61,"minecraft:diamond_pickaxe":3,"minecraft:black_wool":1,"minecraft:command_block":273,"minecraft:chicken":8,"minecraft:oak_button":5,"minecraft:pig_spawn_egg":1,"minecraft:netherite_axe":86,"minecraft:spruce_trapdoor":16,"minecraft:cobblestone":61,"minecraft:potion":7,"minecraft:white_banner":21,"minecraft:cooked_porkchop":1,"minecraft:andesite_stairs":1,"minecraft:bucket":10,"minecraft:chain_command_block":164,"minecraft:repeating_command_block":22,"minecraft:goat_spawn_egg":1,"minecraft:stripped_oak_log":17,"minecraft:splash_potion":5521,"minecraft:smooth_stone":2,"minecraft:pillager_spawn_egg":1,"minecraft:soul_torch":2},"minecraft:picked_up":{"minecraft:wooden_axe":23,"minecraft:iron_chestplate":3,"minecraft:wheat":2,"minecraft:redstone_block":16,"minecraft:anvil":537,"minecraft:prismarine_shard":4,"minecraft:diamond_sword":10,"minecraft:oak_stairs":17,"minecraft:potion":2,"minecraft:golden_shovel":1,"minecraft:light":3,"minecraft:amethyst_block":1,"minecraft:string":3,"minecraft:raw_copper":75,"minecraft:iron_leggings":3,"minecraft:armor_stand":4,"minecraft:oak_sign":8,"minecraft:diamond_leggings":1,"minecraft:light_weighted_pressure_plate":1,"minecraft:written_book":2,"minecraft:cobblestone_slab":1,"minecraft:iron_pickaxe":1,"minecraft:enchanted_golden_apple":280,"minecraft:iron_boots":2,"minecraft:stick":76,"minecraft:composter":1,"minecraft:oak_fence":1,"minecraft:torch":9,"minecraft:porkchop":3,"minecraft:villager_spawn_egg":3,"minecraft:pointed_dripstone":393,"minecraft:warped_pressure_plate":4,"minecraft:rabbit_foot":1,"minecraft:cactus":1,"minecraft:command_block":20,"minecraft:rotten_flesh":799,"minecraft:iron_block":17,"minecraft:carved_pumpkin":1,"minecraft:netherite_chestplate":4,"minecraft:iron_bars":9,"minecraft:cod":1,"minecraft:cobblestone":22,"minecraft:barrier":73,"minecraft:feather":2,"minecraft:repeater":3,"minecraft:iron_door":6,"minecraft:water_bucket":1,"minecraft:potato":8,"minecraft:netherite_leggings":4,"minecraft:dirt":429,"minecraft:bone":377,"minecraft:glass":2,"minecraft:acacia_planks":200,"minecraft:bow":5,"minecraft:wheat_seeds":8,"minecraft:raw_gold":579,"minecraft:netherite_axe":4,"minecraft:mossy_stone_bricks":12,"minecraft:bamboo":457,"minecraft:oak_planks":25,"minecraft:vindicator_spawn_egg":68,"minecraft:debug_stick":395,"minecraft:cooked_porkchop":327,"minecraft:sand":2,"minecraft:grass_block":5,"minecraft:trapped_chest":3,"minecraft:diamond":1640,"minecraft:netherite_helmet":2,"minecraft:polished_blackstone_pressure_plate":1,"minecraft:lever":1865,"minecraft:writable_book":1,"minecraft:grass":193,"minecraft:bread":320,"minecraft:white_concrete":6,"minecraft:emerald":1797,"minecraft:chainmail_helmet":2,"minecraft:oak_sapling":5,"minecraft:diamond_pickaxe":5,"minecraft:lingering_potion":2,"minecraft:fishing_rod":2,"minecraft:allium":1,"minecraft:splash_potion":13,"minecraft:chicken":6,"minecraft:golden_pickaxe":5,"minecraft:brown_mushroom":8,"minecraft:shield":3,"minecraft:heavy_weighted_pressure_plate":3,"minecraft:iron_axe":7,"minecraft:wooden_sword":1,"minecraft:flint_and_steel":2,"minecraft:item_frame":1,"minecraft:netherite_sword":7,"minecraft:beef":31,"minecraft:player_head":866,"minecraft:poppy":21,"minecraft:chest":2,"minecraft:spruce_trapdoor":6,"minecraft:stone":532,"minecraft:cake":10,"minecraft:stone_button":57,"minecraft:redstone":101,"minecraft:trident":2,"minecraft:carrot":35,"minecraft:prismarine_crystals":2,"minecraft:stone_pressure_plate":4,"minecraft:arrow":480,"minecraft:repeating_command_block":4,"minecraft:saddle":20,"minecraft:totem_of_undying":6,"minecraft:glow_berries":4,"minecraft:rail":110,"minecraft:skeleton_skull":1,"minecraft:wet_sponge":4,"minecraft:oxeye_daisy":6,"minecraft:netherite_boots":4,"minecraft:glow_ink_sac":3,"minecraft:leather":130,"minecraft:oak_log":30,"minecraft:ancient_debris":216,"minecraft:gunpowder":7,"minecraft:white_banner":5,"minecraft:stone_bricks":14,"minecraft:apple":3,"minecraft:iron_ingot":80,"minecraft:iron_sword":2,"minecraft:oak_slab":6,"minecraft:chain_command_block":15,"minecraft:spyglass":2,"minecraft:gravel":100,"minecraft:white_bed":1,"minecraft:sea_lantern":4,"minecraft:firework_rocket":1,"minecraft:polished_diorite":4,"minecraft:chainmail_leggings":1,"minecraft:iron_helmet":2,"minecraft:birch_sign":3,"minecraft:oak_button":2,"minecraft:baked_potato":319,"minecraft:coal":1,"minecraft:ender_pearl":77},"minecraft:crafted":{"minecraft:oak_planks":12,"minecraft:oak_button":1,"minecraft:emerald":15,"minecraft:iron_ingot":9,"minecraft:iron_nugget":81,"minecraft:air":0},"minecraft:killed_by":{"minecraft:evoker":3,"minecraft:ravager":3,"minecraft:vindicator":22,"minecraft:silverfish":1,"minecraft:zombie":1,"minecraft:vex":4,"minecraft:player":188,"minecraft:spider":1,"minecraft:rabbit":1,"minecraft:skeleton":6},"minecraft:dropped":{"minecraft:vindicator_spawn_egg":1,"minecraft:repeating_command_block":2,"minecraft:brown_mushroom":24,"minecraft:glow_ink_sac":3,"minecraft:golden_pickaxe":11,"minecraft:saddle":4,"minecraft:emerald":18,"minecraft:dirt":1,"minecraft:stone_button":1,"minecraft:wooden_sword":2,"minecraft:sand":4,"minecraft:iron_pickaxe":2,"minecraft:bone":31,"minecraft:gravel":1,"minecraft:lever":1940,"minecraft:netherite_sword":1,"minecraft:pointed_dripstone":10,"minecraft:rotten_flesh":130,"minecraft:enchanted_golden_apple":16,"minecraft:golden_shovel":1,"minecraft:poppy":1,"minecraft:arrow":43,"minecraft:chain_command_block":12,"minecraft:written_book":15,"minecraft:splash_potion":1,"minecraft:iron_ingot":16,"minecraft:bread":64,"minecraft:netherite_chestplate":1,"minecraft:barrier":1,"minecraft:iron_helmet":1,"minecraft:command_block":11,"minecraft:grass_block":2,"minecraft:chainmail_helmet":2,"minecraft:stick":15,"minecraft:torch":2,"minecraft:repeater":2,"minecraft:wooden_axe":13,"minecraft:potion":4,"minecraft:iron_leggings":1,"minecraft:white_banner":1,"minecraft:iron_axe":5,"minecraft:chainmail_leggings":1,"minecraft:string":1,"minecraft:redstone_block":2,"minecraft:redstone":3,"minecraft:anvil":458,"minecraft:player_head":717,"minecraft:iron_boots":1,"minecraft:villager_spawn_egg":3,"minecraft:debug_stick":5,"minecraft:oak_sign":1,"minecraft:light":4,"minecraft:stone":13,"minecraft:diamond_pickaxe":5,"minecraft:iron_chestplate":1,"minecraft:stone_pressure_plate":5,"minecraft:stone_bricks":1},"minecraft:custom":{"minecraft:interact_with_crafting_table":1,"minecraft:open_barrel":1,"minecraft:leave_game":57,"minecraft:time_since_death":34673,"minecraft:damage_resisted":474291,"minecraft:sprint_one_cm":2300993,"minecraft:drop":1454,"minecraft:talked_to_villager":11,"minecraft:play_time":6056639,"minecraft:deaths":289,"minecraft:jump":23128,"minecraft:interact_with_brewingstand":2,"minecraft:walk_on_water_one_cm":127672,"minecraft:enchant_item":4,"minecraft:traded_with_villager":15,"minecraft:interact_with_loom":1,"minecraft:sleep_in_bed":4,"minecraft:damage_dealt":473127,"minecraft:player_kills":86,"minecraft:crouch_one_cm":180739,"minecraft:interact_with_anvil":15,"minecraft:mob_kills":1255,"minecraft:climb_one_cm":19810,"minecraft:walk_one_cm":3851497,"minecraft:target_hit":4,"minecraft:sneak_time":103145,"minecraft:walk_under_water_one_cm":138783,"minecraft:boat_one_cm":5192,"minecraft:total_world_time":6076457,"minecraft:raid_trigger":2,"minecraft:time_since_rest":34674,"minecraft:damage_taken":270952,"minecraft:damage_absorbed":1241,"minecraft:trigger_trapped_chest":87,"minecraft:minecart_one_cm":1806,"minecraft:swim_one_cm":137911,"minecraft:fly_one_cm":30138092,"minecraft:open_chest":299,"minecraft:fall_one_cm":336651},"minecraft:mined":{"minecraft:white_bed":1,"minecraft:grass_block":1,"minecraft:pointed_dripstone":1,"minecraft:oak_log":3,"minecraft:dirt":2,"minecraft:carrots":3,"minecraft:stone":14},"minecraft:killed":{"minecraft:zombified_piglin":2,"minecraft:spider":1,"minecraft:skeleton":247,"minecraft:fox":1,"minecraft:chicken":3,"minecraft:axolotl":2,"minecraft:piglin_brute":2,"minecraft:cat":1,"minecraft:piglin":1,"minecraft:pig":1,"minecraft:elder_guardian":5,"minecraft:iron_golem":15,"minecraft:strider":1,"minecraft:creeper":1,"minecraft:trader_llama":1,"minecraft:pillager":13,"minecraft:zombie":315,"minecraft:mooshroom":1,"minecraft:glow_squid":3,"minecraft:blaze":1,"minecraft:evoker":47,"minecraft:vex":40,"minecraft:giant":5,"minecraft:endermite":22,"minecraft:vindicator":317,"minecraft:zoglin":5,"minecraft:phantom":1,"minecraft:husk":28,"minecraft:ravager":30,"minecraft:wither_skeleton":4,"minecraft:villager":59,"minecraft:enderman":29},"minecraft:broken":{"minecraft:iron_boots":1,"minecraft:netherite_chestplate":1,"minecraft:diamond_sword":1,"minecraft:iron_helmet":1,"minecraft:netherite_boots":1}},"DataVersion":2865}