{"stats":{"minecraft:custom":{"minecraft:time_since_rest":46,"minecraft:open_chest":19,"minecraft:crouch_one_cm":191,"minecraft:sprint_one_cm":38987,"minecraft:play_time":51669,"minecraft:deaths":31,"minecraft:damage_taken":10,"minecraft:walk_one_cm":107796,"minecraft:sneak_time":683,"minecraft:trigger_trapped_chest":1,"minecraft:walk_under_water_one_cm":6140,"minecraft:mob_kills":4,"minecraft:jump":217,"minecraft:damage_dealt":1160,"minecraft:leave_game":3,"minecraft:walk_on_water_one_cm":8315,"minecraft:time_since_death":0,"minecraft:total_world_time":51669,"minecraft:fall_one_cm":335,"minecraft:fly_one_cm":426358,"minecraft:player_kills":1},"minecraft:killed":{"minecraft:vindicator":4},"minecraft:used":{"minecraft:dried_kelp_block":4,"minecraft:weathered_cut_copper":1,"minecraft:glowstone":1,"minecraft:dirt":4,"minecraft:bow":12,"minecraft:melon":1,"minecraft:command_block":1,"minecraft:grass_block":73,"minecraft:stone_button":4,"minecraft:quartz_block":7,"minecraft:warped_nylium":3,"minecraft:vindicator_spawn_egg":4},"minecraft:picked_up":{"minecraft:stone_button":5,"minecraft:emerald":3}},"DataVersion":2730}