{"stats":{"minecraft:mined":{"minecraft:repeater":2,"minecraft:gravel":1},"minecraft:killed":{"minecraft:skeleton":54,"minecraft:evoker":43,"minecraft:vex":10,"minecraft:vindicator":137,"minecraft:zoglin":1,"minecraft:ravager":3,"minecraft:villager":3},"minecraft:picked_up":{"minecraft:wooden_axe":9,"minecraft:birch_door":1,"minecraft:iron_chestplate":1,"minecraft:redstone_block":2,"minecraft:anvil":69,"minecraft:yellow_wool":3,"minecraft:potion":5,"minecraft:birch_button":10,"minecraft:string":124,"minecraft:iron_leggings":1,"minecraft:sticky_piston":12,"minecraft:blue_stained_glass_pane":1,"minecraft:gold_nugget":1,"minecraft:red_sand":2,"minecraft:smooth_stone":2,"minecraft:light_weighted_pressure_plate":1,"minecraft:redstone_torch":19,"minecraft:written_book":4,"minecraft:iron_pickaxe":1,"minecraft:smooth_quartz":4,"minecraft:iron_boots":1,"minecraft:dark_oak_door":1,"minecraft:spruce_pressure_plate":2,"minecraft:torch":6,"minecraft:villager_spawn_egg":3,"minecraft:warped_pressure_plate":1,"minecraft:stone_sword":1,"minecraft:quartz_block":7,"minecraft:command_block":4,"minecraft:rotten_flesh":1132,"minecraft:iron_block":5,"minecraft:netherite_chestplate":2,"minecraft:iron_bars":5,"minecraft:cobblestone":157,"minecraft:barrier":2,"minecraft:leather_chestplate":1,"minecraft:cooked_beef":1,"minecraft:repeater":18,"minecraft:iron_door":11,"minecraft:potato":4,"minecraft:netherite_leggings":2,"minecraft:lantern":3,"minecraft:leather_boots":1,"minecraft:glass":2,"minecraft:bone":174,"minecraft:chipped_anvil":1,"minecraft:bow":4,"minecraft:wheat_seeds":129,"minecraft:bell":1,"minecraft:bamboo":4,"minecraft:debug_stick":3,"minecraft:sand":4,"minecraft:grass_block":1,"minecraft:diamond_block":2,"minecraft:trapped_chest":3,"minecraft:mossy_cobblestone":1,"minecraft:spruce_boat":10,"minecraft:black_concrete":1,"minecraft:netherite_helmet":1,"minecraft:lever":790,"minecraft:writable_book":7,"minecraft:spruce_sign":2,"minecraft:emerald":41,"minecraft:blue_banner":1,"minecraft:splash_potion":1,"minecraft:ladder":3,"minecraft:leather_leggings":1,"minecraft:brown_mushroom":16,"minecraft:gold_block":4,"minecraft:shield":1,"minecraft:heavy_weighted_pressure_plate":17,"minecraft:elytra":1,"minecraft:iron_axe":4,"minecraft:item_frame":8,"minecraft:iron_shovel":1,"minecraft:glass_pane":1,"minecraft:cracked_stone_bricks":5,"minecraft:netherite_sword":1,"minecraft:player_head":329,"minecraft:piston":1,"minecraft:black_stained_glass":1,"minecraft:stone":5,"minecraft:stone_button":3,"minecraft:carrot":1,"minecraft:redstone":99,"minecraft:prismarine_crystals":3,"minecraft:stone_pressure_plate":8,"minecraft:weeping_vines":1,"minecraft:arrow":179,"minecraft:saddle":23,"minecraft:totem_of_undying":12,"minecraft:black_banner":8,"minecraft:netherite_boots":2,"minecraft:tripwire_hook":7,"minecraft:birch_planks":1,"minecraft:gunpowder":2,"minecraft:cobblestone_stairs":1,"minecraft:stone_bricks":16,"minecraft:iron_ingot":2,"minecraft:acacia_sapling":1,"minecraft:emerald_block":4,"minecraft:yellow_concrete":35,"minecraft:dandelion":3,"minecraft:gravel":359,"minecraft:red_banner":4,"minecraft:white_bed":2,"minecraft:sea_lantern":2,"minecraft:leather_helmet":1,"minecraft:firework_rocket":1,"minecraft:iron_helmet":1,"minecraft:birch_sign":10,"minecraft:coal":1,"minecraft:ender_pearl":5},"minecraft:dropped":{"minecraft:vindicator_spawn_egg":1,"minecraft:birch_planks":1,"minecraft:cracked_stone_bricks":1,"minecraft:netherite_boots":1,"minecraft:writable_book":1,"minecraft:black_stained_glass":1,"minecraft:gravel":1,"minecraft:lever":69,"minecraft:yellow_wool":1,"minecraft:netherite_sword":1,"minecraft:quartz_block":6,"minecraft:acacia_sapling":1,"minecraft:iron_bars":2,"minecraft:written_book":3,"minecraft:blue_stained_glass_pane":1,"minecraft:wheat_seeds":2,"minecraft:netherite_helmet":1,"minecraft:netherite_chestplate":1,"minecraft:barrier":1,"minecraft:command_block":3,"minecraft:grass_block":2,"minecraft:polished_andesite":1,"minecraft:iron_block":1,"minecraft:repeater":1,"minecraft:wooden_axe":1,"minecraft:smooth_quartz":1,"minecraft:iron_door":1,"minecraft:iron_axe":2,"minecraft:anvil":3,"minecraft:sticky_piston":1,"minecraft:netherite_leggings":1,"minecraft:spruce_boat":1,"minecraft:stone":1,"minecraft:stone_pressure_plate":2,"minecraft:birch_sign":3,"minecraft:bow":1},"minecraft:killed_by":{"minecraft:vindicator":2,"minecraft:vex":1,"minecraft:player":2,"minecraft:spider":4,"minecraft:skeleton":3},"minecraft:custom":{"minecraft:open_barrel":11,"minecraft:open_shulker_box":1,"minecraft:leave_game":66,"minecraft:time_since_death":106486,"minecraft:damage_resisted":102625,"minecraft:sprint_one_cm":478684,"minecraft:drop":58,"minecraft:talked_to_villager":4,"minecraft:play_time":4749750,"minecraft:deaths":86,"minecraft:jump":10335,"minecraft:walk_on_water_one_cm":147382,"minecraft:traded_with_villager":5,"minecraft:interact_with_loom":1,"minecraft:sleep_in_bed":1,"minecraft:open_enderchest":1,"minecraft:damage_dealt":88290,"minecraft:player_kills":39,"minecraft:crouch_one_cm":242783,"minecraft:interact_with_smoker":2,"minecraft:inspect_dispenser":1,"minecraft:interact_with_anvil":34,"minecraft:mob_kills":251,"minecraft:inspect_hopper":1,"minecraft:climb_one_cm":22339,"minecraft:walk_one_cm":5653839,"minecraft:sneak_time":191779,"minecraft:walk_under_water_one_cm":130209,"minecraft:boat_one_cm":75585,"minecraft:interact_with_blast_furnace":1,"minecraft:total_world_time":4750574,"minecraft:tune_noteblock":68,"minecraft:time_since_rest":106487,"minecraft:damage_taken":15771,"minecraft:trigger_trapped_chest":194,"minecraft:swim_one_cm":15242,"minecraft:fly_one_cm":22186085,"minecraft:open_chest":259,"minecraft:fall_one_cm":59584},"minecraft:used":{"minecraft:blue_terracotta":1,"minecraft:jack_o_lantern":9,"minecraft:writable_book":49,"minecraft:red_sand":3,"minecraft:iron_shovel":1,"minecraft:polished_deepslate":123,"minecraft:smooth_quartz_slab":1,"minecraft:dispenser":2,"minecraft:spruce_slab":33,"minecraft:bone_block":103,"minecraft:ladder":72,"minecraft:oak_sign":37,"minecraft:chest":105,"minecraft:brown_concrete":86,"minecraft:stone":9419,"minecraft:quartz_stairs":173,"minecraft:bell":1,"minecraft:waxed_weathered_cut_copper_stairs":2,"minecraft:white_candle":4,"minecraft:debug_stick":99,"minecraft:soul_sand":1,"minecraft:birch_pressure_plate":9,"minecraft:blue_stained_glass":199,"minecraft:cracked_deepslate_tiles":32,"minecraft:orange_wool":69,"minecraft:acacia_button":4,"minecraft:tuff":83,"minecraft:cyan_wool":1,"minecraft:weeping_vines":15,"minecraft:stripped_spruce_log":45,"minecraft:milk_bucket":22,"minecraft:obsidian":14,"minecraft:spruce_boat":1,"minecraft:glass":1768,"minecraft:packed_ice":27,"minecraft:lava_bucket":48,"minecraft:bricks":15,"minecraft:quartz_pillar":22,"minecraft:villager_spawn_egg":5,"minecraft:warped_hyphae":38,"minecraft:quartz_slab":230,"minecraft:red_wool":493,"minecraft:grass_block":436,"minecraft:lantern":4,"minecraft:deepslate_copper_ore":2,"minecraft:polished_andesite_stairs":92,"minecraft:quartz_block":4467,"minecraft:dark_oak_leaves":2,"minecraft:pink_wool":5,"minecraft:stone_brick_stairs":278,"minecraft:stone_bricks":2791,"minecraft:blue_banner":10,"minecraft:item_frame":3,"minecraft:birch_button":44,"minecraft:bedrock":41,"minecraft:deepslate_diamond_ore":10,"minecraft:birch_trapdoor":27,"minecraft:repeater":619,"minecraft:red_stained_glass_pane":12,"minecraft:redstone_lamp":333,"minecraft:bow":14,"minecraft:written_book":8,"minecraft:furnace":14,"minecraft:polished_diorite_stairs":297,"minecraft:gold_block":278,"minecraft:skeleton_skull":2,"minecraft:green_stained_glass_pane":1,"minecraft:dark_prismarine_stairs":13,"minecraft:waxed_oxidized_cut_copper_slab":2,"minecraft:mossy_stone_bricks":17,"minecraft:diorite":166,"minecraft:end_rod":43,"minecraft:spruce_door":2,"minecraft:stripped_birch_log":517,"minecraft:red_stained_glass":308,"minecraft:gray_carpet":1,"minecraft:dark_oak_sign":6,"minecraft:oak_planks":158,"minecraft:birch_wood":34,"minecraft:polished_diorite_slab":45,"minecraft:mossy_stone_brick_stairs":4,"minecraft:redstone_block":64,"minecraft:composter":1,"minecraft:structure_void":51,"minecraft:blue_bed":2,"minecraft:smooth_quartz_stairs":103,"minecraft:white_wool":17,"minecraft:yellow_terracotta":2,"minecraft:light_blue_wool":2,"minecraft:blast_furnace":11,"minecraft:yellow_concrete":27,"minecraft:acacia_leaves":10,"minecraft:deepslate_redstone_ore":8,"minecraft:crossbow":3,"minecraft:oxidized_cut_copper_slab":67,"minecraft:chiseled_quartz_block":1,"minecraft:black_concrete_powder":50,"minecraft:deepslate_lapis_ore":4,"minecraft:cobbled_deepslate_stairs":37,"minecraft:lightning_rod":2,"minecraft:birch_fence":89,"minecraft:deepslate_tiles":86,"minecraft:redstone_torch":322,"minecraft:black_terracotta":215,"minecraft:sticky_piston":116,"minecraft:lever":146,"minecraft:hoglin_spawn_egg":2,"minecraft:black_concrete":41,"minecraft:dark_oak_log":69,"minecraft:birch_slab":86,"minecraft:light_gray_concrete":12,"minecraft:heavy_weighted_pressure_plate":75,"minecraft:string":34,"minecraft:barrier":680,"minecraft:stone_button":9,"minecraft:lectern":3,"minecraft:red_terracotta":108,"minecraft:oak_pressure_plate":3,"minecraft:iron_door":105,"minecraft:deepslate":2,"minecraft:gravel":210,"minecraft:polished_andesite_slab":143,"minecraft:soul_lantern":22,"minecraft:evoker_spawn_egg":1,"minecraft:coal_block":149,"minecraft:light_blue_concrete_powder":303,"minecraft:andesite":39,"minecraft:white_stained_glass":10,"minecraft:birch_log":17,"minecraft:deepslate_coal_ore":135,"minecraft:chain":73,"minecraft:pink_stained_glass":8,"minecraft:mossy_cobblestone_wall":10,"minecraft:smooth_stone_slab":99,"minecraft:oak_boat":5,"minecraft:white_concrete":50,"minecraft:coarse_dirt":245,"minecraft:purple_wool":1,"minecraft:cobweb":25,"minecraft:diorite_slab":101,"minecraft:diorite_stairs":77,"minecraft:oak_fence":10,"minecraft:petrified_oak_slab":47,"minecraft:netherite_sword":77,"minecraft:iron_bars":362,"minecraft:enchanting_table":6,"minecraft:flint_and_steel":4,"minecraft:armor_stand":33,"minecraft:red_concrete":63,"minecraft:redstone":1523,"minecraft:spruce_planks":289,"minecraft:tinted_glass":289,"minecraft:ender_chest":1,"minecraft:deepslate_gold_ore":8,"minecraft:stripped_birch_wood":85,"minecraft:netherrack":3,"minecraft:torch":277,"minecraft:dirt":62,"minecraft:anvil":24,"minecraft:hopper":4,"minecraft:nether_quartz_ore":8,"minecraft:spruce_stairs":12,"minecraft:cobblestone_wall":105,"minecraft:stone_stairs":91,"minecraft:pink_carpet":28,"minecraft:warped_pressure_plate":10,"minecraft:spruce_fence":9,"minecraft:blue_concrete":81,"minecraft:polished_diorite":1728,"minecraft:birch_door":7,"minecraft:red_shulker_box":1,"minecraft:stone_brick_slab":4,"minecraft:ravager_spawn_egg":3,"minecraft:wooden_axe":36,"minecraft:sea_lantern":3838,"minecraft:bookshelf":33,"minecraft:yellow_stained_glass":8,"minecraft:iron_axe":75,"minecraft:iron_block":7051,"minecraft:light_weighted_pressure_plate":165,"minecraft:oak_stairs":79,"minecraft:spruce_button":5,"minecraft:slime_block":30,"minecraft:warped_fence":16,"minecraft:smooth_quartz":1564,"minecraft:piglin_brute_spawn_egg":2,"minecraft:tripwire_hook":38,"minecraft:purple_concrete":60,"minecraft:glowstone":434,"minecraft:waxed_cut_copper_slab":2,"minecraft:black_stained_glass":212,"minecraft:emerald_block":23,"minecraft:iron_trapdoor":11,"minecraft:lime_stained_glass":11,"minecraft:podzol":12,"minecraft:trapped_chest":45,"minecraft:stone_pressure_plate":213,"minecraft:zombified_piglin_spawn_egg":2,"minecraft:observer":2,"minecraft:orange_terracotta":40,"minecraft:deepslate_emerald_ore":9,"minecraft:calcite":279,"minecraft:water_bucket":507,"minecraft:warped_stem":3,"minecraft:amethyst_block":114,"minecraft:cobblestone_stairs":139,"minecraft:birch_planks":1575,"minecraft:polished_andesite":3812,"minecraft:lime_wool":21,"minecraft:blue_wool":9,"minecraft:andesite_slab":70,"minecraft:birch_boat":2,"minecraft:cut_sandstone":1,"minecraft:spruce_sign":6,"minecraft:stonecutter":4,"minecraft:vindicator_spawn_egg":2,"minecraft:cobblestone_slab":73,"minecraft:deepslate_bricks":61,"minecraft:cracked_stone_bricks":241,"minecraft:pink_concrete":2,"minecraft:glow_item_frame":6,"minecraft:polished_blackstone_pressure_plate":12,"minecraft:diamond_block":345,"minecraft:stripped_dark_oak_log":246,"minecraft:crafting_table":3,"minecraft:oak_slab":28,"minecraft:tnt":8,"minecraft:strider_spawn_egg":1,"minecraft:red_bed":4,"minecraft:birch_sign":142,"minecraft:yellow_stained_glass_pane":1,"minecraft:campfire":1,"minecraft:white_bed":3,"minecraft:light_gray_concrete_powder":11,"minecraft:painting":58,"minecraft:endermite_spawn_egg":1,"minecraft:infested_stone_bricks":16,"minecraft:smoker":12,"minecraft:dark_oak_door":5,"minecraft:purple_stained_glass":3,"minecraft:oak_log":1,"minecraft:blue_stained_glass_pane":1,"minecraft:piston":29,"minecraft:netherite_block":5,"minecraft:light":455,"minecraft:black_wool":497,"minecraft:command_block":397,"minecraft:spruce_pressure_plate":5,"minecraft:jungle_stairs":43,"minecraft:cracked_nether_bricks":3,"minecraft:spruce_trapdoor":76,"minecraft:yellow_wool":112,"minecraft:blue_carpet":23,"minecraft:pink_bed":3,"minecraft:cobblestone":110,"minecraft:potion":98,"minecraft:andesite_stairs":79,"minecraft:red_banner":12,"minecraft:lapis_block":144,"minecraft:glass_pane":103,"minecraft:wither_rose":1,"minecraft:polished_blackstone_button":2,"minecraft:sea_pickle":9,"minecraft:stripped_oak_log":34,"minecraft:gray_wool":1,"minecraft:smooth_stone":113,"minecraft:birch_stairs":260,"minecraft:soul_torch":24},"minecraft:crafted":{"minecraft:emerald":5}},"DataVersion":2865}