{"stats":{"minecraft:used":{"minecraft:beetroot":1,"minecraft:moss_block":13,"minecraft:nether_brick_fence":2,"minecraft:jack_o_lantern":4,"minecraft:writable_book":31,"minecraft:smooth_quartz_slab":164,"minecraft:spruce_slab":235,"minecraft:polished_blackstone":63,"minecraft:poppy":1,"minecraft:elytra":1,"minecraft:black_carpet":49,"minecraft:chest":42,"minecraft:stone":1042,"minecraft:white_shulker_box":10,"minecraft:quartz_stairs":32,"minecraft:rotten_flesh":8,"minecraft:tube_coral":3,"minecraft:soul_sand":19,"minecraft:brick_slab":6,"minecraft:snowball":1011,"minecraft:stripped_spruce_log":489,"minecraft:spruce_boat":5,"minecraft:lava_bucket":7,"minecraft:quartz_pillar":16,"minecraft:villager_spawn_egg":13,"minecraft:grass_block":346,"minecraft:polished_andesite_stairs":88,"minecraft:quartz_block":2738,"minecraft:copper_ore":13,"minecraft:dark_oak_leaves":22,"minecraft:dark_oak_slab":6,"minecraft:stone_brick_stairs":7,"minecraft:rabbit_stew":1,"minecraft:netherite_boots":4,"minecraft:infested_mossy_stone_bricks":97,"minecraft:bow":240,"minecraft:dark_oak_boat":1,"minecraft:sweet_berries":6,"minecraft:furnace":2,"minecraft:cooked_cod":1,"minecraft:potato":1,"minecraft:mossy_stone_bricks":383,"minecraft:leather_leggings":1,"minecraft:cow_spawn_egg":3,"minecraft:spruce_door":12,"minecraft:stripped_birch_log":97,"minecraft:chorus_fruit":2,"minecraft:leather_chestplate":1,"minecraft:fox_spawn_egg":1,"minecraft:composter":7,"minecraft:oak_leaves":94,"minecraft:smooth_quartz_stairs":171,"minecraft:cookie":1,"minecraft:golden_apple":1,"minecraft:glow_berries":184,"minecraft:blast_furnace":1,"minecraft:netherite_helmet":4,"minecraft:black_concrete_powder":10,"minecraft:deepslate_tiles":1,"minecraft:zombie_head":1,"minecraft:stone_button":99,"minecraft:spore_blossom":4,"minecraft:red_terracotta":15,"minecraft:flowering_azalea_leaves":1,"minecraft:lilac":2,"minecraft:polished_andesite_slab":59,"minecraft:soul_lantern":11,"minecraft:pufferfish":1,"minecraft:diamond_sword":28,"minecraft:coal_block":39,"minecraft:wooden_sword":10,"minecraft:smithing_table":1,"minecraft:bubble_coral_block":12,"minecraft:white_stained_glass":108,"minecraft:poisonous_potato":4,"minecraft:compass":1,"minecraft:diorite_slab":4,"minecraft:iron_bars":183,"minecraft:stone_sword":3,"minecraft:carved_pumpkin":12,"minecraft:armor_stand":5,"minecraft:red_concrete":1,"minecraft:light_gray_carpet":97,"minecraft:silverfish_spawn_egg":37,"minecraft:tinted_glass":336,"minecraft:cooked_salmon":1,"minecraft:structure_block":1,"minecraft:netherrack":5,"minecraft:torch":9,"minecraft:brewing_stand":2,"minecraft:target":10,"minecraft:anvil":256,"minecraft:chainmail_chestplate":5,"minecraft:glow_lichen":32,"minecraft:blue_concrete":8,"minecraft:polished_diorite":41,"minecraft:small_dripleaf":6,"minecraft:sea_lantern":216,"minecraft:flowering_azalea":5,"minecraft:chipped_anvil":1,"minecraft:iron_block":2019,"minecraft:slime_block":2,"minecraft:smooth_quartz":317,"minecraft:barrel":56,"minecraft:smooth_basalt":211,"minecraft:bamboo":12,"minecraft:tripwire_hook":10,"minecraft:purple_concrete":1,"minecraft:glowstone":13,"minecraft:beef":1,"minecraft:tall_grass":2000,"minecraft:iron_trapdoor":12,"minecraft:trapped_chest":4,"minecraft:cobbled_deepslate":2,"minecraft:observer":7,"minecraft:orange_terracotta":13,"minecraft:hanging_roots":16,"minecraft:horn_coral_fan":2,"minecraft:pointed_dripstone":281,"minecraft:calcite":12,"minecraft:water_bucket":1234,"minecraft:tube_coral_block":11,"minecraft:rabbit":1,"minecraft:birch_planks":45,"minecraft:bubble_coral_fan":3,"minecraft:sheep_spawn_egg":1,"minecraft:glow_ink_sac":13,"minecraft:leather_boots":1,"minecraft:horse_spawn_egg":4,"minecraft:gold_ore":6,"minecraft:cracked_stone_bricks":208,"minecraft:salmon":1,"minecraft:waxed_exposed_copper":288,"minecraft:mossy_cobblestone":161,"minecraft:rail":15,"minecraft:vine":388,"minecraft:oak_slab":42,"minecraft:tnt":24,"minecraft:crafting_table":2,"minecraft:birch_sign":20,"minecraft:white_bed":2,"minecraft:cod":1,"minecraft:fire_coral":1,"minecraft:cake":1,"minecraft:spruce_log":151,"minecraft:oak_log":20,"minecraft:light":351,"minecraft:pig_spawn_egg":2,"minecraft:suspicious_stew":18,"minecraft:iron_pickaxe":1,"minecraft:spruce_pressure_plate":19,"minecraft:leather_helmet":2,"minecraft:spruce_trapdoor":49,"minecraft:cobblestone":424,"minecraft:potion":3,"minecraft:porkchop":1,"minecraft:cooked_porkchop":1,"minecraft:andesite_stairs":11,"minecraft:glass_pane":67,"minecraft:repeating_command_block":48,"minecraft:stripped_oak_log":203,"minecraft:jukebox":5,"minecraft:candle":31,"minecraft:moss_carpet":15,"minecraft:polished_deepslate":4,"minecraft:dead_tube_coral_fan":1,"minecraft:carrot_on_a_stick":6,"minecraft:bone_block":2446,"minecraft:oak_sign":20,"minecraft:axolotl_spawn_egg":1,"minecraft:shield":14,"minecraft:iron_sword":12,"minecraft:zombie_spawn_egg":52,"minecraft:bubble_coral":1,"minecraft:player_head":38,"minecraft:mossy_stone_brick_slab":47,"minecraft:spruce_leaves":521,"minecraft:debug_stick":859,"minecraft:mooshroom_spawn_egg":5,"minecraft:mutton":1,"minecraft:carrot":3,"minecraft:tuff":12,"minecraft:axolotl_bucket":8,"minecraft:milk_bucket":10,"minecraft:honey_bottle":2,"minecraft:big_dripleaf":4,"minecraft:glow_squid_spawn_egg":20,"minecraft:glass":1453,"minecraft:bricks":169,"minecraft:coal_ore":38,"minecraft:quartz_slab":129,"minecraft:spruce_wood":4,"minecraft:lantern":13,"minecraft:blue_orchid":2,"minecraft:stone_bricks":1225,"minecraft:item_frame":122,"minecraft:bedrock":162,"minecraft:birch_trapdoor":4,"minecraft:golden_sword":15,"minecraft:red_carpet":14,"minecraft:repeater":53,"minecraft:redstone_lamp":94,"minecraft:written_book":5,"minecraft:jungle_button":2,"minecraft:polished_diorite_stairs":86,"minecraft:skeleton_skull":1,"minecraft:polished_blackstone_stairs":21,"minecraft:large_fern":1,"minecraft:stripped_spruce_wood":52,"minecraft:zoglin_spawn_egg":1,"minecraft:golden_boots":1,"minecraft:dark_oak_stairs":1,"minecraft:zombie_horse_spawn_egg":1,"minecraft:end_rod":28,"minecraft:witch_spawn_egg":1,"minecraft:elder_guardian_spawn_egg":1,"minecraft:dark_oak_sign":5,"minecraft:gray_carpet":39,"minecraft:oak_planks":179,"minecraft:ender_pearl":133,"minecraft:chainmail_helmet":3,"minecraft:redstone_block":90,"minecraft:structure_void":193,"minecraft:white_wool":11,"minecraft:brain_coral":1,"minecraft:netherite_leggings":4,"minecraft:light_blue_concrete":17,"minecraft:mushroom_stew":6,"minecraft:black_banner":35,"minecraft:yellow_concrete":457,"minecraft:crossbow":1127,"minecraft:dripstone_block":80,"minecraft:note_block":25,"minecraft:lingering_potion":409,"minecraft:stone_brick_wall":29,"minecraft:black_bed":1,"minecraft:shears":21,"minecraft:redstone_torch":18,"minecraft:black_terracotta":25,"minecraft:sticky_piston":32,"minecraft:lever":50,"minecraft:black_concrete":305,"minecraft:firework_rocket":170,"minecraft:dark_oak_log":51,"minecraft:heavy_weighted_pressure_plate":65,"minecraft:bread":1,"minecraft:melon_slice":1,"minecraft:barrier":346,"minecraft:iron_door":43,"minecraft:evoker_spawn_egg":1,"minecraft:dead_horn_coral_fan":29,"minecraft:chainmail_boots":3,"minecraft:cooked_rabbit":1,"minecraft:andesite":131,"minecraft:chain":270,"minecraft:smooth_stone_slab":26,"minecraft:white_concrete":547,"minecraft:tropical_fish_bucket":7,"minecraft:bone_meal":179,"minecraft:golden_pickaxe":23,"minecraft:oak_fence":4,"minecraft:trident":143,"minecraft:netherite_sword":527,"minecraft:rose_bush":1,"minecraft:waxed_weathered_copper":50,"minecraft:trader_llama_spawn_egg":2,"minecraft:music_disc_otherside":3,"minecraft:flint_and_steel":20,"minecraft:tropical_fish":1,"minecraft:stone_shovel":39,"minecraft:redstone":267,"minecraft:dried_kelp":2,"minecraft:spruce_planks":727,"minecraft:stripped_birch_wood":1,"minecraft:cooked_chicken":1,"minecraft:oak_door":29,"minecraft:dirt":130,"minecraft:spyglass":11,"minecraft:white_carpet":75,"minecraft:spruce_stairs":172,"minecraft:cobblestone_wall":38,"minecraft:golden_chestplate":1,"minecraft:pink_carpet":17,"minecraft:spruce_fence":29,"minecraft:andesite_wall":8,"minecraft:wooden_axe":20,"minecraft:ravager_spawn_egg":61,"minecraft:stone_brick_slab":91,"minecraft:dark_oak_planks":4,"minecraft:brown_terracotta":21,"minecraft:red_tulip":2,"minecraft:bookshelf":54,"minecraft:oak_stairs":7,"minecraft:golden_carrot":1,"minecraft:wolf_spawn_egg":5,"minecraft:white_stained_glass_pane":30,"minecraft:netherite_pickaxe":2,"minecraft:minecart":5,"minecraft:infested_cobblestone":32,"minecraft:horn_coral_block":5,"minecraft:stone_pressure_plate":23,"minecraft:cooked_beef":3,"minecraft:red_dye":5,"minecraft:powder_snow_bucket":10,"minecraft:turtle_egg":24,"minecraft:mossy_stone_brick_wall":15,"minecraft:enchanted_golden_apple":18,"minecraft:beetroot_soup":1,"minecraft:brain_coral_block":10,"minecraft:cooked_mutton":1,"minecraft:amethyst_block":1,"minecraft:iron_ore":12,"minecraft:cobblestone_stairs":12,"minecraft:lodestone":1,"minecraft:snow_block":11,"minecraft:polished_andesite":2572,"minecraft:netherite_chestplate":4,"minecraft:baked_potato":1,"minecraft:spruce_sign":29,"minecraft:vindicator_spawn_egg":8,"minecraft:waxed_copper_block":117,"minecraft:terracotta":67,"minecraft:stripped_dark_oak_log":127,"minecraft:strider_spawn_egg":6,"minecraft:spider_eye":1,"minecraft:light_gray_concrete_powder":2,"minecraft:painting":65,"minecraft:smoker":21,"minecraft:flower_pot":33,"minecraft:black_wool":60,"minecraft:apple":4,"minecraft:command_block":107,"minecraft:chicken":2,"minecraft:netherite_axe":10,"minecraft:lapis_ore":7,"minecraft:jungle_stairs":19,"minecraft:stone_slab":3,"minecraft:yellow_wool":67,"minecraft:golden_leggings":1,"minecraft:fire_coral_block":13,"minecraft:fishing_rod":3,"minecraft:turtle_helmet":4,"minecraft:white_banner":37,"minecraft:chain_command_block":4,"minecraft:bucket":4,"minecraft:yellow_bed":2,"minecraft:pumpkin_pie":4,"minecraft:sea_pickle":35,"minecraft:smooth_stone":63,"minecraft:splash_potion":839,"minecraft:pillager_spawn_egg":1,"minecraft:birch_stairs":4,"minecraft:chainmail_leggings":3},"minecraft:broken":{"minecraft:netherite_chestplate":1,"minecraft:chainmail_boots":1,"minecraft:netherite_leggings":1,"minecraft:netherite_helmet":1,"minecraft:chainmail_leggings":1,"minecraft:chainmail_helmet":1,"minecraft:shield":1,"minecraft:turtle_helmet":1,"minecraft:netherite_boots":1,"minecraft:chainmail_chestplate":2,"minecraft:golden_pickaxe":2},"minecraft:mined":{"minecraft:fire":4,"minecraft:white_shulker_box":1,"minecraft:glass":2,"minecraft:wheat":12,"minecraft:potatoes":5,"minecraft:purple_concrete":1,"minecraft:stone_bricks":1,"minecraft:spruce_planks":2,"minecraft:slime_block":1,"minecraft:beetroots":1,"minecraft:carrots":5},"minecraft:custom":{"minecraft:interact_with_crafting_table":14,"minecraft:open_barrel":38,"minecraft:eat_cake_slice":7,"minecraft:leave_game":47,"minecraft:time_since_death":417794,"minecraft:damage_blocked_by_shield":4532,"minecraft:play_time":3664661,"minecraft:deaths":142,"minecraft:jump":23412,"minecraft:enchant_item":3,"minecraft:play_record":3,"minecraft:traded_with_villager":153,"minecraft:sleep_in_bed":6,"minecraft:damage_dealt":362765,"minecraft:interact_with_smoker":9,"minecraft:horse_one_cm":110974,"minecraft:interact_with_smithing_table":1,"minecraft:interact_with_anvil":75,"minecraft:target_hit":16,"minecraft:sneak_time":109123,"minecraft:interact_with_blast_furnace":4,"minecraft:total_world_time":3664661,"minecraft:tune_noteblock":119,"minecraft:time_since_rest":61669,"minecraft:swim_one_cm":46602,"minecraft:fly_one_cm":15699407,"minecraft:open_chest":303,"minecraft:fall_one_cm":268918,"minecraft:open_shulker_box":14,"minecraft:damage_resisted":43690,"minecraft:sprint_one_cm":4812091,"minecraft:drop":1118,"minecraft:talked_to_villager":62,"minecraft:walk_on_water_one_cm":152192,"minecraft:player_kills":158,"minecraft:crouch_one_cm":107664,"minecraft:mob_kills":842,"minecraft:climb_one_cm":20828,"minecraft:walk_one_cm":7358994,"minecraft:raid_win":1,"minecraft:walk_under_water_one_cm":227284,"minecraft:boat_one_cm":93918,"minecraft:raid_trigger":2,"minecraft:pot_flower":22,"minecraft:damage_taken":247272,"minecraft:damage_absorbed":11200,"minecraft:trigger_trapped_chest":77,"minecraft:minecart_one_cm":1670,"minecraft:pig_one_cm":27698,"minecraft:aviate_one_cm":342397},"minecraft:killed_by":{"minecraft:zoglin":4,"minecraft:vindicator":2,"minecraft:zombie":1,"minecraft:vex":2,"minecraft:wither_skeleton":1,"minecraft:polar_bear":1,"minecraft:blaze":3,"minecraft:elder_guardian":1,"minecraft:player":83,"minecraft:skeleton":4,"minecraft:phantom":4},"minecraft:picked_up":{"minecraft:wooden_axe":13,"minecraft:chainmail_boots":2,"minecraft:anvil":202,"minecraft:prismarine_shard":1,"minecraft:diamond_sword":7,"minecraft:golden_shovel":2,"minecraft:light":115,"minecraft:string":20,"minecraft:beetroot":1,"minecraft:diamond_leggings":1,"minecraft:gold_nugget":2,"minecraft:spruce_planks":3,"minecraft:written_book":22,"minecraft:enchanted_golden_apple":16,"minecraft:spruce_pressure_plate":3,"minecraft:lightning_rod":1,"minecraft:command_block":17,"minecraft:iron_block":11,"minecraft:carved_pumpkin":2,"minecraft:end_rod":1,"minecraft:netherite_chestplate":5,"minecraft:blaze_rod":3,"minecraft:iron_bars":5,"minecraft:snowball":15,"minecraft:barrier":106,"minecraft:cooked_beef":1,"minecraft:feather":4,"minecraft:iron_door":6,"minecraft:water_bucket":1,"minecraft:stripped_spruce_wood":1,"minecraft:netherite_leggings":2,"minecraft:lantern":1,"minecraft:rabbit":4,"minecraft:debug_stick":35,"minecraft:structure_void":7,"minecraft:polished_andesite":5,"minecraft:lever":205,"minecraft:writable_book":3,"minecraft:bread":85,"minecraft:chainmail_helmet":2,"minecraft:bricks":22,"minecraft:golden_pickaxe":7,"minecraft:redstone_lamp":3,"minecraft:heavy_weighted_pressure_plate":4,"minecraft:cracked_stone_bricks":2,"minecraft:netherite_sword":5,"minecraft:music_disc_otherside":2,"minecraft:beef":35,"minecraft:poppy":22,"minecraft:minecart":3,"minecraft:chest":4,"minecraft:quartz_stairs":2,"minecraft:stone":165,"minecraft:oak_door":30,"minecraft:cake":1,"minecraft:carrot":196,"minecraft:redstone":45,"minecraft:prismarine_crystals":6,"minecraft:repeating_command_block":32,"minecraft:diamond_chestplate":2,"minecraft:beetroot_seeds":4,"minecraft:totem_of_undying":3,"minecraft:white_shulker_box":1,"minecraft:glow_berries":30,"minecraft:mutton":70,"minecraft:rail":19,"minecraft:bone_block":131,"minecraft:tripwire_hook":2,"minecraft:red_mushroom":26,"minecraft:jungle_button":1,"minecraft:white_banner":21,"minecraft:apple":65,"minecraft:stone_bricks":2,"minecraft:glass_bottle":2,"minecraft:iron_sword":3,"minecraft:flowering_azalea":1,"minecraft:yellow_concrete":9,"minecraft:spruce_sapling":2,"minecraft:spruce_log":13,"minecraft:sea_lantern":1,"minecraft:firework_rocket":3,"minecraft:coal_ore":2,"minecraft:polished_diorite":1,"minecraft:painting":3,"minecraft:birch_sign":2,"minecraft:ender_pearl":28,"minecraft:black_carpet":1,"minecraft:wheat":7,"minecraft:redstone_block":2,"minecraft:iron_trapdoor":1,"minecraft:potion":2,"minecraft:turtle_egg":1,"minecraft:armor_stand":1,"minecraft:oak_sign":2,"minecraft:light_weighted_pressure_plate":2,"minecraft:redstone_torch":2,"minecraft:stick":80,"minecraft:brown_terracotta":5,"minecraft:oak_fence":1,"minecraft:torch":10,"minecraft:porkchop":19,"minecraft:villager_spawn_egg":3,"minecraft:pointed_dripstone":36,"minecraft:quartz_block":50,"minecraft:rotten_flesh":651,"minecraft:cobblestone":88,"minecraft:repeater":3,"minecraft:potato":19,"minecraft:dirt":118,"minecraft:glass":1,"minecraft:bone":175,"minecraft:acacia_planks":40,"minecraft:bow":2,"minecraft:wheat_seeds":26,"minecraft:bamboo":206,"minecraft:oak_planks":102,"minecraft:cooked_porkchop":4,"minecraft:sand":1,"minecraft:grass_block":6,"minecraft:mossy_cobblestone":3,"minecraft:black_concrete":10,"minecraft:slime_block":1,"minecraft:netherite_helmet":2,"minecraft:polished_blackstone_button":1,"minecraft:grass":131,"minecraft:crossbow":8,"minecraft:bone_meal":1,"minecraft:white_concrete":7,"minecraft:spruce_sign":7,"minecraft:emerald":65,"minecraft:splash_potion":3,"minecraft:chicken":3,"minecraft:ladder":7,"minecraft:structure_block":3,"minecraft:brown_mushroom":26,"minecraft:shield":2,"minecraft:moss_carpet":2,"minecraft:iron_axe":3,"minecraft:wooden_sword":1,"minecraft:item_frame":23,"minecraft:player_head":573,"minecraft:observer":1,"minecraft:light_gray_wool":1,"minecraft:tinted_glass":10,"minecraft:spruce_trapdoor":5,"minecraft:copper_ingot":2,"minecraft:bowl":39,"minecraft:stone_button":20,"minecraft:cookie":1,"minecraft:stone_pressure_plate":1,"minecraft:dark_oak_planks":2,"minecraft:arrow":176,"minecraft:golden_hoe":1,"minecraft:stripped_dark_oak_wood":1,"minecraft:saddle":53,"minecraft:black_banner":12,"minecraft:wet_sponge":3,"minecraft:netherite_boots":4,"minecraft:glow_ink_sac":186,"minecraft:salmon":18,"minecraft:leather":129,"minecraft:bedrock":1,"minecraft:chainmail_chestplate":2,"minecraft:gunpowder":10,"minecraft:cobblestone_stairs":3,"minecraft:gray_carpet":1,"minecraft:rabbit_hide":3,"minecraft:iron_ingot":84,"minecraft:purple_concrete":1,"minecraft:book":1,"minecraft:dandelion":1,"minecraft:lava_bucket":2,"minecraft:chainmail_leggings":1,"minecraft:terracotta":32,"minecraft:black_wool":1},"minecraft:crafted":{"minecraft:emerald":54,"minecraft:golden_carrot":36,"minecraft:leather_leggings":4,"minecraft:firework_star":67,"minecraft:leather_helmet":3,"minecraft:suspicious_stew":28,"minecraft:apple":80,"minecraft:leather_chestplate":4,"minecraft:leather_boots":4,"minecraft:mushroom_stew":25,"minecraft:glistering_melon_slice":36,"minecraft:bread":96,"minecraft:air":0,"minecraft:pumpkin_pie":96,"minecraft:firework_rocket":99},"minecraft:dropped":{"minecraft:repeating_command_block":23,"minecraft:glow_ink_sac":28,"minecraft:glass_bottle":1,"minecraft:cooked_porkchop":66,"minecraft:crossbow":9,"minecraft:cracked_stone_bricks":1,"minecraft:saddle":13,"minecraft:elytra":1,"minecraft:leather_helmet":1,"minecraft:red_mushroom":26,"minecraft:item_frame":16,"minecraft:emerald":4,"minecraft:dirt":3,"minecraft:grass":195,"minecraft:stone_button":2,"minecraft:netherite_boots":5,"minecraft:writable_book":9,"minecraft:dark_oak_planks":1,"minecraft:fishing_rod":1,"minecraft:lever":256,"minecraft:netherite_sword":8,"minecraft:rotten_flesh":40,"minecraft:enchanted_golden_apple":69,"minecraft:golden_shovel":2,"minecraft:heavy_weighted_pressure_plate":1,"minecraft:coal_ore":2,"minecraft:leather_boots":1,"minecraft:ladder":1,"minecraft:leather_leggings":1,"minecraft:iron_ingot":16,"minecraft:netherite_helmet":4,"minecraft:netherite_chestplate":5,"minecraft:barrier":94,"minecraft:iron_helmet":1,"minecraft:cobblestone":2,"minecraft:apple":2,"minecraft:command_block":16,"minecraft:mushroom_stew":1,"minecraft:polished_andesite":2,"minecraft:wooden_axe":10,"minecraft:potion":2,"minecraft:golden_hoe":1,"minecraft:white_banner":3,"minecraft:iron_shovel":1,"minecraft:player_head":1027,"minecraft:bowl":42,"minecraft:chicken":1,"minecraft:iron_boots":1,"minecraft:structure_block":3,"minecraft:debug_stick":30,"minecraft:oak_sign":1,"minecraft:diamond_sword":6,"minecraft:potato":8,"minecraft:spruce_boat":9,"minecraft:stone":149,"minecraft:allium":1,"minecraft:spruce_planks":1,"minecraft:barrel":1,"minecraft:stone_bricks":1,"minecraft:bamboo":1,"minecraft:bow":3,"minecraft:black_wool":1,"minecraft:brown_mushroom":26,"minecraft:baked_potato":64,"minecraft:golden_pickaxe":2,"minecraft:structure_void":8,"minecraft:wet_sponge":1,"minecraft:black_concrete":1,"minecraft:spyglass":1,"minecraft:carrot":320,"minecraft:poppy":6,"minecraft:leather_chestplate":1,"minecraft:gunpowder":4,"minecraft:trident":1,"minecraft:lingering_potion":1,"minecraft:chest":2,"minecraft:iron_bars":1,"minecraft:arrow":169,"minecraft:splash_potion":6,"minecraft:firework_rocket":4,"minecraft:bread":148,"minecraft:mossy_cobblestone":2,"minecraft:yellow_concrete":1,"minecraft:netherite_axe":1,"minecraft:grass_block":3,"minecraft:stick":130,"minecraft:iron_block":3,"minecraft:milk_bucket":1,"minecraft:white_concrete":3,"minecraft:iron_leggings":1,"minecraft:iron_axe":1,"minecraft:polished_diorite":1,"minecraft:anvil":214,"minecraft:totem_of_undying":3,"minecraft:netherite_leggings":4,"minecraft:flint_and_steel":1,"minecraft:light":89,"minecraft:shield":1,"minecraft:iron_chestplate":1,"minecraft:cake":3},"minecraft:killed":{"minecraft:zombie_horse":1,"minecraft:skeleton":226,"minecraft:chicken":1,"minecraft:tropical_fish":5,"minecraft:elder_guardian":2,"minecraft:iron_golem":31,"minecraft:pillager":15,"minecraft:goat":1,"minecraft:zombie":169,"minecraft:glow_squid":1,"minecraft:cow":3,"minecraft:evoker":7,"minecraft:endermite":9,"minecraft:vindicator":95,"minecraft:zoglin":69,"minecraft:horse":9,"minecraft:snow_golem":3,"minecraft:rabbit":3,"minecraft:ravager":43,"minecraft:polar_bear":1,"minecraft:enderman":3,"minecraft:zombified_piglin":2,"minecraft:witch":1,"minecraft:axolotl":4,"minecraft:silverfish":21,"minecraft:illusioner":6,"minecraft:piglin_brute":1,"minecraft:pig":2,"minecraft:strider":3,"minecraft:creeper":2,"minecraft:sheep":1,"minecraft:trader_llama":2,"minecraft:mooshroom":3,"minecraft:ghast":1,"minecraft:blaze":9,"minecraft:vex":21,"minecraft:giant":9,"minecraft:phantom":3,"minecraft:drowned":13,"minecraft:bat":5,"minecraft:hoglin":1,"minecraft:wither_skeleton":2,"minecraft:villager":18}},"DataVersion":2865}