{"stats":{"minecraft:custom":{"minecraft:mob_kills":287,"minecraft:interact_with_anvil":5,"minecraft:raid_trigger":4,"minecraft:leave_game":20,"minecraft:time_since_death":0,"minecraft:damage_resisted":2756,"minecraft:time_since_rest":23,"minecraft:sprint_one_cm":130517,"minecraft:walk_one_cm":355686,"minecraft:damage_taken":23983,"minecraft:damage_absorbed":4799,"minecraft:drop":17,"minecraft:damage_dealt":203573,"minecraft:talked_to_villager":1,"minecraft:fly_one_cm":1469467,"minecraft:player_kills":1,"minecraft:open_chest":15,"minecraft:crouch_one_cm":10589,"minecraft:play_time":351456,"minecraft:deaths":204,"minecraft:sneak_time":10568,"minecraft:walk_under_water_one_cm":7568,"minecraft:boat_one_cm":28866,"minecraft:jump":955,"minecraft:walk_on_water_one_cm":11668,"minecraft:total_world_time":351456,"minecraft:fall_one_cm":19815},"minecraft:picked_up":{"minecraft:netherite_boots":6,"minecraft:barrier":8,"minecraft:wheat":14,"minecraft:cooked_beef":1,"minecraft:splash_potion":1,"minecraft:water_bucket":1,"minecraft:golden_pickaxe":1,"minecraft:leather":1,"minecraft:potato":7,"minecraft:shield":1,"minecraft:heavy_weighted_pressure_plate":1,"minecraft:netherite_leggings":6,"minecraft:white_banner":16,"minecraft:iron_axe":4,"minecraft:wheat_seeds":35,"minecraft:netherite_sword":10,"minecraft:beef":3,"minecraft:iron_ingot":122,"minecraft:oak_boat":3,"minecraft:poppy":87,"minecraft:enchanted_golden_apple":173,"minecraft:chest":1,"minecraft:vindicator_spawn_egg":2,"minecraft:pillager_spawn_egg":2,"minecraft:debug_stick":5,"minecraft:stone":85,"minecraft:torch":1,"minecraft:lava_bucket":2,"minecraft:structure_void":1,"minecraft:villager_spawn_egg":5,"minecraft:stone_button":6,"minecraft:carrot":30,"minecraft:redstone":2,"minecraft:prismarine_crystals":5,"minecraft:evoker_spawn_egg":3,"minecraft:firework_rocket":1,"minecraft:rotten_flesh":55,"minecraft:polished_diorite":1,"minecraft:netherite_helmet":5,"minecraft:lever":1,"minecraft:crossbow":5,"minecraft:iron_block":4,"minecraft:carved_pumpkin":3,"minecraft:grass":1,"minecraft:totem_of_undying":1,"minecraft:white_concrete":1,"minecraft:saddle":120,"minecraft:emerald":45,"minecraft:netherite_chestplate":6,"minecraft:ravager_spawn_egg":43,"minecraft:black_wool":2},"minecraft:mined":{"minecraft:sea_lantern":3,"minecraft:lever":1,"minecraft:stone_button":3,"minecraft:redstone_wire":2},"minecraft:used":{"minecraft:netherite_sword":121,"minecraft:carved_pumpkin":40,"minecraft:redstone":1,"minecraft:netherite_chestplate":1,"minecraft:stone":127,"minecraft:redstone_block":31,"minecraft:vindicator_spawn_egg":145,"minecraft:rotten_flesh":4,"minecraft:dirt":1,"minecraft:anvil":2,"minecraft:netherite_leggings":1,"minecraft:magenta_bed":3,"minecraft:carrot":10,"minecraft:sticky_piston":13,"minecraft:ravager_spawn_egg":237,"minecraft:lever":2,"minecraft:villager_spawn_egg":231,"minecraft:command_block":6,"minecraft:iron_block":150,"minecraft:grass_block":1010,"minecraft:barrier":8,"minecraft:stone_button":4,"minecraft:quartz_block":89,"minecraft:stone_bricks":30,"minecraft:netherite_boots":1,"minecraft:oak_boat":3,"minecraft:repeating_command_block":5,"minecraft:white_concrete":28,"minecraft:enchanted_golden_apple":52,"minecraft:splash_potion":525,"minecraft:pillager_spawn_egg":74},"minecraft:killed":{"minecraft:vindicator":3,"minecraft:iron_golem":10,"minecraft:ravager":182,"minecraft:pillager":38,"minecraft:zombie":24,"minecraft:mooshroom":1,"minecraft:axolotl":1,"minecraft:villager":6},"minecraft:killed_by":{"minecraft:player":18,"minecraft:ravager":3},"minecraft:dropped":{"minecraft:ravager_spawn_egg":1,"minecraft:netherite_sword":2,"minecraft:saddle":13,"minecraft:stone":1}},"DataVersion":2865}