{"stats":{"minecraft:killed":{"minecraft:vex":3,"minecraft:vindicator":2,"minecraft:iron_golem":1,"minecraft:zoglin":18,"minecraft:skeleton":2,"minecraft:villager":3},"minecraft:killed_by":{"minecraft:player":6,"minecraft:zoglin":4},"minecraft:custom":{"minecraft:mob_kills":30,"minecraft:interact_with_crafting_table":1,"minecraft:open_barrel":1,"minecraft:interact_with_loom":3,"minecraft:open_shulker_box":4,"minecraft:leave_game":8,"minecraft:time_since_death":7292,"minecraft:damage_resisted":378847,"minecraft:climb_one_cm":3561,"minecraft:time_since_rest":7292,"minecraft:damage_absorbed":160,"minecraft:sprint_one_cm":605024,"minecraft:damage_taken":6017,"minecraft:walk_one_cm":297554,"minecraft:trigger_trapped_chest":13,"minecraft:drop":36,"minecraft:damage_dealt":185285,"minecraft:swim_one_cm":18822,"minecraft:fly_one_cm":1458252,"minecraft:player_kills":11,"minecraft:open_chest":29,"minecraft:crouch_one_cm":9713,"minecraft:play_time":688931,"minecraft:deaths":80,"minecraft:sneak_time":9898,"minecraft:walk_under_water_one_cm":73284,"minecraft:aviate_one_cm":12156,"minecraft:jump":1675,"minecraft:walk_on_water_one_cm":21683,"minecraft:total_world_time":688931,"minecraft:fall_one_cm":216216},"minecraft:used":{"minecraft:oak_trapdoor":1,"minecraft:water_bucket":291,"minecraft:netherite_sword":2,"minecraft:end_rod":9,"minecraft:writable_book":3,"minecraft:iron_bars":227,"minecraft:birch_planks":16,"minecraft:smooth_quartz_slab":14,"minecraft:chorus_fruit":17,"minecraft:redstone":51,"minecraft:andesite_slab":6,"minecraft:elytra":2,"minecraft:polished_diorite_slab":1,"minecraft:stone":47,"minecraft:redstone_block":5,"minecraft:beacon":4,"minecraft:stripped_birch_wood":83,"minecraft:debug_stick":24,"minecraft:smooth_quartz_stairs":4,"minecraft:mossy_cobblestone":5,"minecraft:diamond_block":1,"minecraft:soul_sand":1,"minecraft:skeleton_spawn_egg":70,"minecraft:stripped_dark_oak_log":55,"minecraft:vine":84,"minecraft:white_carpet":13,"minecraft:oak_slab":80,"minecraft:crafting_table":1,"minecraft:loom":3,"minecraft:spruce_stairs":47,"minecraft:campfire":46,"minecraft:light_gray_concrete_powder":2,"minecraft:glow_lichen":45,"minecraft:spruce_fence":8,"minecraft:stripped_spruce_log":64,"minecraft:andesite_wall":8,"minecraft:crimson_button":1,"minecraft:glass":9,"minecraft:wooden_axe":4,"minecraft:lever":1,"minecraft:sea_lantern":3,"minecraft:firework_rocket":22,"minecraft:villager_spawn_egg":3,"minecraft:dark_oak_log":1,"minecraft:command_block":6,"minecraft:gray_stained_glass_pane":2,"minecraft:quartz_slab":3,"minecraft:iron_block":172,"minecraft:lantern":5,"minecraft:grass_block":42,"minecraft:bread":6,"minecraft:brown_stained_glass":31,"minecraft:barrier":16,"minecraft:stone_button":5,"minecraft:spruce_trapdoor":50,"minecraft:stone_brick_stairs":25,"minecraft:barrel":5,"minecraft:stone_bricks":17,"minecraft:item_frame":4,"minecraft:wooden_sword":1,"minecraft:cobblestone":96,"minecraft:bow":32,"minecraft:white_banner":13,"minecraft:andesite":5,"minecraft:birch_log":26,"minecraft:andesite_stairs":25,"minecraft:bucket":19,"minecraft:skeleton_skull":8,"minecraft:stripped_oak_log":44,"minecraft:enchanted_golden_apple":1},"minecraft:picked_up":{"minecraft:clock":1,"minecraft:golden_pickaxe":5,"minecraft:chain":1,"minecraft:white_banner":1,"minecraft:item_frame":1,"minecraft:bone":2,"minecraft:wheat_seeds":1,"minecraft:iron_ingot":3,"minecraft:debug_stick":1,"minecraft:stone":1,"minecraft:crimson_button":1,"minecraft:stripped_spruce_log":1,"minecraft:stone_button":3,"minecraft:gray_stained_glass_pane":1,"minecraft:arrow":4,"minecraft:repeating_command_block":1,"minecraft:rotten_flesh":11,"minecraft:lever":2,"minecraft:emerald":2,"minecraft:bread":64,"minecraft:chorus_fruit":14},"minecraft:mined":{"minecraft:stone_button":1},"minecraft:dropped":{"minecraft:stripped_spruce_log":1,"minecraft:gray_stained_glass_pane":1,"minecraft:clock":1,"minecraft:chorus_fruit":14,"minecraft:golden_pickaxe":5,"minecraft:rotten_flesh":11,"minecraft:item_frame":1,"minecraft:skeleton_skull":1,"minecraft:redstone":1},"minecraft:crafted":{"minecraft:leather_leggings":1,"minecraft:leather_boots":1,"minecraft:leather_helmet":1,"minecraft:leather_chestplate":1}},"DataVersion":2865}