{"stats":{"minecraft:killed":{"minecraft:vindicator":10,"minecraft:evoker":4,"minecraft:vex":3},"minecraft:killed_by":{"minecraft:skeleton":1,"minecraft:player":7},"minecraft:used":{"minecraft:tripwire_hook":1,"minecraft:dirt_path":1,"minecraft:grass_block":35,"minecraft:iron_axe":3,"minecraft:repeating_command_block":5,"minecraft:redstone_block":7,"minecraft:calcite":110},"minecraft:custom":{"minecraft:open_chest":3,"minecraft:time_since_rest":989,"minecraft:crouch_one_cm":5495,"minecraft:play_time":42244,"minecraft:sprint_one_cm":122287,"minecraft:damage_taken":49882,"minecraft:deaths":14,"minecraft:walk_one_cm":51082,"minecraft:sneak_time":1442,"minecraft:mob_kills":19,"minecraft:walk_under_water_one_cm":323,"minecraft:drop":4,"minecraft:jump":878,"minecraft:damage_dealt":4294,"minecraft:leave_game":2,"minecraft:time_since_death":988,"minecraft:walk_on_water_one_cm":1943,"minecraft:sleep_in_bed":1,"minecraft:total_world_time":42244,"minecraft:fall_one_cm":42727,"minecraft:fly_one_cm":474535,"minecraft:player_kills":3},"minecraft:picked_up":{"minecraft:iron_axe":1,"minecraft:tripwire_hook":1,"minecraft:wheat_seeds":9},"minecraft:mined":{"minecraft:tall_grass":50,"minecraft:tripwire_hook":1},"minecraft:dropped":{"minecraft:iron_axe":1,"minecraft:wheat_seeds":7}},"DataVersion":2865}