{"stats":{"minecraft:dropped":{"minecraft:gold_ore":2,"minecraft:grass_block":1,"minecraft:lava_bucket":1,"minecraft:wooden_axe":3,"minecraft:jungle_leaves":1,"minecraft:bone_meal":2,"minecraft:stone_slab":1,"minecraft:stone_stairs":1,"minecraft:glow_lichen":1,"minecraft:stone":2,"minecraft:coal_ore":1,"minecraft:oak_sapling":1,"minecraft:iron_ore":1,"minecraft:podzol":1,"minecraft:written_book":1,"minecraft:oak_leaves":1},"minecraft:used":{"minecraft:azalea":4,"minecraft:moss_block":2424,"minecraft:peony":4,"minecraft:oak_trapdoor":16,"minecraft:moss_carpet":40,"minecraft:jungle_leaves":945,"minecraft:iron_bars":26,"minecraft:writable_book":26,"minecraft:enchanting_table":11,"minecraft:polished_deepslate":1,"minecraft:brain_coral_fan":7,"minecraft:flint_and_steel":152,"minecraft:dead_bush":22,"minecraft:melon":399,"minecraft:redstone_ore":78,"minecraft:armor_stand":6,"minecraft:spruce_slab":6,"minecraft:redstone":155,"minecraft:bone_block":1177,"minecraft:dead_brain_coral":10,"minecraft:ladder":4,"minecraft:oak_sign":116,"minecraft:axolotl_spawn_egg":7,"minecraft:green_banner":36,"minecraft:chest":61,"minecraft:tinted_glass":39,"minecraft:stone":8660,"minecraft:stripped_jungle_wood":6,"minecraft:deepslate_gold_ore":123,"minecraft:quartz_stairs":100,"minecraft:grass":13,"minecraft:player_head":5,"minecraft:green_terracotta":867,"minecraft:sculk_sensor":1,"minecraft:green_glazed_terracotta":78,"minecraft:lily_of_the_valley":7,"minecraft:anvil":17,"minecraft:dirt":784,"minecraft:ancient_debris":97,"minecraft:cocoa_beans":57,"minecraft:jungle_planks":184,"minecraft:spruce_stairs":16,"minecraft:deepslate_tile_slab":39,"minecraft:cod_bucket":14,"minecraft:jungle_slab":522,"minecraft:stone_stairs":71,"minecraft:dead_tube_coral":8,"minecraft:salmon_bucket":29,"minecraft:acacia_sapling":1,"minecraft:tuff":201,"minecraft:jungle_trapdoor":21,"minecraft:glow_lichen":987,"minecraft:azure_bluet":61,"minecraft:granite":250,"minecraft:stripped_spruce_log":17,"minecraft:obsidian":19,"minecraft:fern":643,"minecraft:small_dripleaf":254,"minecraft:big_dripleaf":259,"minecraft:glow_squid_spawn_egg":32,"minecraft:jungle_sapling":84,"minecraft:wooden_axe":1,"minecraft:honey_block":4,"minecraft:flowering_azalea":5,"minecraft:sea_lantern":53,"minecraft:lava_bucket":820,"minecraft:bookshelf":36,"minecraft:coal_ore":1747,"minecraft:lime_banner":21,"minecraft:quartz_slab":325,"minecraft:grass_block":2587,"minecraft:lantern":15,"minecraft:oak_stairs":10,"minecraft:blue_orchid":16,"minecraft:panda_spawn_egg":5,"minecraft:jungle_log":1043,"minecraft:quartz_block":80,"minecraft:green_wool":579,"minecraft:copper_ore":1,"minecraft:barrel":11,"minecraft:item_frame":16,"minecraft:bamboo":695,"minecraft:deepslate_diamond_ore":24,"minecraft:bedrock":193,"minecraft:repeater":69,"minecraft:magma_block":315,"minecraft:bow":4,"minecraft:horn_coral":24,"minecraft:tall_grass":14,"minecraft:written_book":17,"minecraft:sweet_berries":5,"minecraft:furnace":2,"minecraft:deepslate_tile_stairs":13,"minecraft:podzol":266,"minecraft:horn_coral_block":80,"minecraft:green_stained_glass_pane":132,"minecraft:pumpkin":24,"minecraft:cobbled_deepslate":1,"minecraft:orange_stained_glass_pane":48,"minecraft:brown_candle":101,"minecraft:turtle_egg":2,"minecraft:seagrass":4223,"minecraft:dead_bubble_coral_fan":43,"minecraft:large_fern":817,"minecraft:hanging_roots":263,"minecraft:pointed_dripstone":14067,"minecraft:brain_coral_block":132,"minecraft:emerald_ore":1,"minecraft:iron_ore":1157,"minecraft:damaged_anvil":2,"minecraft:water_bucket":1698,"minecraft:end_rod":2,"minecraft:tube_coral_fan":7,"minecraft:amethyst_block":94,"minecraft:tube_coral_block":14,"minecraft:stone_pickaxe":2,"minecraft:jungle_fence":45,"minecraft:brown_mushroom":187,"minecraft:redstone_block":3,"minecraft:fletching_table":2,"minecraft:sugar_cane":33,"minecraft:gold_ore":593,"minecraft:jungle_boat":2,"minecraft:large_amethyst_bud":97,"minecraft:oak_leaves":191,"minecraft:brain_coral":122,"minecraft:glow_item_frame":21,"minecraft:glow_berries":2005,"minecraft:mossy_cobblestone":212,"minecraft:sand":160,"minecraft:rail":33,"minecraft:vine":1180,"minecraft:crafting_table":2,"minecraft:loom":1,"minecraft:red_mushroom":121,"minecraft:deepslate_redstone_ore":5,"minecraft:campfire":14,"minecraft:sponge":80,"minecraft:chiseled_quartz_block":11,"minecraft:fire_coral":81,"minecraft:dripstone_block":1096,"minecraft:deepslate_lapis_ore":4,"minecraft:bat_spawn_egg":75,"minecraft:small_amethyst_bud":19,"minecraft:deepslate_tile_wall":21,"minecraft:redstone_torch":19,"minecraft:amethyst_cluster":258,"minecraft:lever":14,"minecraft:green_concrete":12,"minecraft:light":7,"minecraft:black_concrete":54,"minecraft:stripped_jungle_log":31,"minecraft:dead_fire_coral":13,"minecraft:command_block":61,"minecraft:lapis_ore":64,"minecraft:deepslate_iron_ore":236,"minecraft:stone_button":68,"minecraft:string":24,"minecraft:map":6,"minecraft:spore_blossom":303,"minecraft:jungle_stairs":211,"minecraft:stone_slab":10,"minecraft:spruce_trapdoor":85,"minecraft:diamond_ore":67,"minecraft:deepslate":435,"minecraft:budding_amethyst":148,"minecraft:flowering_azalea_leaves":2231,"minecraft:lilac":339,"minecraft:fishing_rod":1,"minecraft:fire_coral_block":52,"minecraft:coal_block":5,"minecraft:cobblestone":192,"minecraft:andesite":130,"minecraft:medium_amethyst_bud":23,"minecraft:deepslate_coal_ore":363,"minecraft:jungle_door":3,"minecraft:bucket":12,"minecraft:chain":41,"minecraft:black_candle":29,"minecraft:chest_minecart":2,"minecraft:sea_pickle":535,"minecraft:goat_spawn_egg":8,"minecraft:white_concrete":181,"minecraft:tropical_fish_bucket":22,"minecraft:kelp":1757,"minecraft:splash_potion":9,"minecraft:bone_meal":4561,"minecraft:candle":22,"minecraft:cobweb":158,"minecraft:oak_fence":5,"minecraft:green_stained_glass":64},"minecraft:picked_up":{"minecraft:wooden_axe":2,"minecraft:coarse_dirt":31,"minecraft:string":3,"minecraft:moss_carpet":1,"minecraft:oak_sign":11,"minecraft:sea_pickle":10,"minecraft:cobbled_deepslate":1,"minecraft:written_book":87,"minecraft:redstone_torch":1,"minecraft:jungle_sapling":3,"minecraft:poppy":1,"minecraft:coal_block":1,"minecraft:chest":1,"minecraft:stick":12,"minecraft:raw_iron":1,"minecraft:big_dripleaf":27,"minecraft:stone_button":1,"minecraft:pointed_dripstone":48,"minecraft:diorite":18,"minecraft:redstone":4,"minecraft:stone_sword":1,"minecraft:arrow":12,"minecraft:command_block":1,"minecraft:tropical_fish":3,"minecraft:cod":14,"minecraft:glow_berries":3,"minecraft:bone_block":1,"minecraft:cobblestone":1036,"minecraft:lilac":1,"minecraft:basalt":4,"minecraft:jungle_log":2,"minecraft:salmon":5,"minecraft:glow_ink_sac":28,"minecraft:andesite":45,"minecraft:tuff":39,"minecraft:dirt":844,"minecraft:lantern":1,"minecraft:kelp":15,"minecraft:wheat_seeds":5,"minecraft:bamboo":178,"minecraft:moss_block":187,"minecraft:soul_sand":1,"minecraft:glow_lichen":1,"minecraft:dripstone_block":282,"minecraft:lava_bucket":1,"minecraft:sand":311,"minecraft:amethyst_shard":82,"minecraft:ink_sac":10,"minecraft:grass_block":1,"minecraft:gold_ore":1,"minecraft:mossy_cobblestone":219,"minecraft:jungle_leaves":1,"minecraft:lime_banner":4,"minecraft:granite":112,"minecraft:bone_meal":2,"minecraft:golden_apple":2,"minecraft:oak_sapling":3,"minecraft:coal":5},"minecraft:crafted":{"minecraft:shield":1},"minecraft:custom":{"minecraft:interact_with_anvil":26,"minecraft:animals_bred":2,"minecraft:interact_with_crafting_table":2,"minecraft:open_barrel":36,"minecraft:leave_game":123,"minecraft:time_since_death":1179,"minecraft:climb_one_cm":39100,"minecraft:sprint_one_cm":486653,"minecraft:walk_one_cm":887185,"minecraft:drop":21,"minecraft:sneak_time":398160,"minecraft:play_time":5527090,"minecraft:deaths":8,"minecraft:walk_under_water_one_cm":5253776,"minecraft:jump":4020,"minecraft:walk_on_water_one_cm":1005723,"minecraft:total_world_time":14211577,"minecraft:interact_with_loom":4,"minecraft:time_since_rest":1205,"minecraft:damage_taken":1110,"minecraft:damage_dealt":63,"minecraft:swim_one_cm":74393,"minecraft:fly_one_cm":85758114,"minecraft:open_chest":310,"minecraft:crouch_one_cm":92375,"minecraft:fall_one_cm":7170},"minecraft:mined":{"minecraft:deepslate_iron_ore":1,"minecraft:deepslate":1}},"DataVersion":2730}